"user_sn","sn","section_id","start_timestamp","finish_timestamp","total_millisecond","last_modified","game_sn","progress_seq","is_correct","target_vocabulary","wrong_times","correct_times"
"312031","11791","9","2024-05-16 11:44","2024-05-16 11:45","52817","1715831100379","engWord_1192641_9_1715831100379","1","0","puppy","1","0"
"312031","11792","9","2024-05-16 11:44","2024-05-16 11:45","52817","1715831100379","engWord_1192641_9_1715831100379","2","1","pink","0","1"
"312031","11793","9","2024-05-16 11:44","2024-05-16 11:45","52817","1715831100379","engWord_1192641_9_1715831100379","3","0","rat","1","0"
"312031","11794","9","2024-05-16 11:44","2024-05-16 11:45","52817","1715831100379","engWord_1192641_9_1715831100379","4","0","gray","1","0"
"312031","11795","9","2024-05-16 11:44","2024-05-16 11:45","52817","1715831100379","engWord_1192641_9_1715831100379","5","1","frog","0","1"
"312031","11796","9","2024-05-16 11:44","2024-05-16 11:45","52817","1715831100379","engWord_1192641_9_1715831100379","6","0","hen","1","0"
"312031","11797","9","2024-05-16 11:44","2024-05-16 11:45","52817","1715831100379","engWord_1192641_9_1715831100379","7","0","brown","1","0"
"312031","11798","9","2024-05-16 11:44","2024-05-16 11:45","52817","1715831100379","engWord_1192641_9_1715831100379","8","0","yellow","1","0"
"312031","11799","9","2024-05-16 11:44","2024-05-16 11:45","52817","1715831100379","engWord_1192641_9_1715831100379","9","0","mouse","1","0"
"312031","11800","9","2024-05-16 11:44","2024-05-16 11:45","52817","1715831100379","engWord_1192641_9_1715831100379","10","0","snake","1","0"
"312031","11801","9","2024-05-16 11:42","2024-05-16 11:44","82530","1715831042313","engWord_1192641_9_1715831042313","1","1","horse","0","1"
"312031","11802","9","2024-05-16 11:42","2024-05-16 11:44","82530","1715831042313","engWord_1192641_9_1715831042313","2","1","pink","0","1"
"312031","11803","9","2024-05-16 11:42","2024-05-16 11:44","82530","1715831042313","engWord_1192641_9_1715831042313","3","0","frog","1","0"
"312031","11804","9","2024-05-16 11:42","2024-05-16 11:44","82530","1715831042313","engWord_1192641_9_1715831042313","4","0","puppy","1","0"
"312031","11805","9","2024-05-16 11:42","2024-05-16 11:44","82530","1715831042313","engWord_1192641_9_1715831042313","5","0","gray","1","0"
"312031","11806","9","2024-05-16 11:42","2024-05-16 11:44","82530","1715831042313","engWord_1192641_9_1715831042313","6","0","duck","1","0"
"312031","11807","9","2024-05-16 11:42","2024-05-16 11:44","82530","1715831042313","engWord_1192641_9_1715831042313","7","0","brown","1","0"
"312031","11808","9","2024-05-16 11:42","2024-05-16 11:44","82530","1715831042313","engWord_1192641_9_1715831042313","8","0","yellow","1","0"
"312031","11809","9","2024-05-16 11:42","2024-05-16 11:44","82530","1715831042313","engWord_1192641_9_1715831042313","9","0","white","1","0"
"312031","11810","9","2024-05-16 11:42","2024-05-16 11:44","82530","1715831042313","engWord_1192641_9_1715831042313","10","0","snake","1","0"
"312031","11811","9","2024-05-16 11:40","2024-05-16 11:42","96435","1715830952991","engWord_1192641_9_1715830952991","1","0","brown","1","0"
"312031","11812","9","2024-05-16 11:40","2024-05-16 11:42","96435","1715830952991","engWord_1192641_9_1715830952991","2","1","blue","0","1"
"312031","11813","9","2024-05-16 11:40","2024-05-16 11:42","96435","1715830952991","engWord_1192641_9_1715830952991","3","1","horse","0","1"
"312031","11814","9","2024-05-16 11:40","2024-05-16 11:42","96435","1715830952991","engWord_1192641_9_1715830952991","4","1","black","0","1"
"312031","11815","9","2024-05-16 11:40","2024-05-16 11:42","96435","1715830952991","engWord_1192641_9_1715830952991","5","0","white","1","0"
"312031","11816","9","2024-05-16 11:40","2024-05-16 11:42","96435","1715830952991","engWord_1192641_9_1715830952991","6","0","snake","1","0"
"312031","11817","9","2024-05-16 11:40","2024-05-16 11:42","96435","1715830952991","engWord_1192641_9_1715830952991","7","0","pink","1","0"
"312031","11818","9","2024-05-16 11:40","2024-05-16 11:42","96435","1715830952991","engWord_1192641_9_1715830952991","8","0","duck","1","0"
"312031","11819","9","2024-05-16 11:40","2024-05-16 11:42","96435","1715830952991","engWord_1192641_9_1715830952991","9","0","mouse","1","0"
"312031","11820","9","2024-05-16 11:40","2024-05-16 11:42","96435","1715830952991","engWord_1192641_9_1715830952991","10","0","yellow","1","0"
"162052","63211","7","2024-03-02 11:43","2024-03-02 11:44","34404","1709351032629","engWord_1016988_7_1709351032629","1","1","in","0","1"
"162052","63212","7","2024-03-02 11:43","2024-03-02 11:44","34404","1709351032629","engWord_1016988_7_1709351032629","2","1","come","0","1"
"162052","63213","7","2024-03-02 11:43","2024-03-02 11:44","34404","1709351032629","engWord_1016988_7_1709351032629","3","1","to","0","1"
"162052","63214","7","2024-03-02 11:43","2024-03-02 11:44","34404","1709351032629","engWord_1016988_7_1709351032629","4","1","take","0","1"
"162052","63215","7","2024-03-02 11:43","2024-03-02 11:44","34404","1709351032629","engWord_1016988_7_1709351032629","5","1","like","0","1"
"162052","63216","7","2024-03-02 11:43","2024-03-02 11:44","34404","1709351032629","engWord_1016988_7_1709351032629","6","1","get","0","1"
"162052","63217","7","2024-03-02 11:43","2024-03-02 11:44","34404","1709351032629","engWord_1016988_7_1709351032629","7","1","love","0","1"
"162052","63218","7","2024-03-02 11:43","2024-03-02 11:44","34404","1709351032629","engWord_1016988_7_1709351032629","8","1","with","0","1"
"162052","63219","7","2024-03-02 11:43","2024-03-02 11:44","34404","1709351032629","engWord_1016988_7_1709351032629","9","1","need","0","1"
"162052","63220","7","2024-03-02 11:43","2024-03-02 11:44","34404","1709351032629","engWord_1016988_7_1709351032629","10","1","make","0","1"
"162052","63221","7","2024-03-02 11:42","2024-03-02 11:43","36153","1709350973262","engWord_1016988_7_1709350973262","1","0","with","1","0"
"162052","63222","7","2024-03-02 11:42","2024-03-02 11:43","36153","1709350973262","engWord_1016988_7_1709350973262","2","1","like","0","1"
"162052","63223","7","2024-03-02 11:42","2024-03-02 11:43","36153","1709350973262","engWord_1016988_7_1709350973262","3","1","into","0","1"
"162052","63224","7","2024-03-02 11:42","2024-03-02 11:43","36153","1709350973262","engWord_1016988_7_1709350973262","4","1","around","0","1"
"162052","63225","7","2024-03-02 11:42","2024-03-02 11:43","36153","1709350973262","engWord_1016988_7_1709350973262","5","1","need","0","1"
"162052","63226","7","2024-03-02 11:42","2024-03-02 11:43","36153","1709350973262","engWord_1016988_7_1709350973262","6","1","take","0","1"
"162052","63227","7","2024-03-02 11:42","2024-03-02 11:43","36153","1709350973262","engWord_1016988_7_1709350973262","7","1","put","0","1"
"162052","63228","7","2024-03-02 11:42","2024-03-02 11:43","36153","1709350973262","engWord_1016988_7_1709350973262","8","1","between","0","1"
"162052","63229","7","2024-03-02 11:42","2024-03-02 11:43","36153","1709350973262","engWord_1016988_7_1709350973262","9","1","in","0","1"
"162052","63230","7","2024-03-02 11:42","2024-03-02 11:43","36153","1709350973262","engWord_1016988_7_1709350973262","10","1","go","0","1"
"104242","98251","3","2024-01-17 10:09","2024-01-17 10:10","73506","1705457427980","engWord_1143220_3_1705457427980","1","1","one","0","1"
"104242","98252","3","2024-01-17 10:09","2024-01-17 10:10","73506","1705457427980","engWord_1143220_3_1705457427980","2","0","eight","1","0"
"104242","98253","3","2024-01-17 10:09","2024-01-17 10:10","73506","1705457427980","engWord_1143220_3_1705457427980","3","0","when","1","0"
"104242","98254","3","2024-01-17 10:09","2024-01-17 10:10","73506","1705457427980","engWord_1143220_3_1705457427980","4","0","whether","1","0"
"104242","98255","3","2024-01-17 10:09","2024-01-17 10:10","73506","1705457427980","engWord_1143220_3_1705457427980","5","0","what","1","0"
"104242","98256","3","2024-01-17 10:09","2024-01-17 10:10","73506","1705457427980","engWord_1143220_3_1705457427980","6","1","two","0","1"
"104242","98257","3","2024-01-17 10:09","2024-01-17 10:10","73506","1705457427980","engWord_1143220_3_1705457427980","7","1","ten","0","1"
"104242","98258","3","2024-01-17 10:09","2024-01-17 10:10","73506","1705457427980","engWord_1143220_3_1705457427980","8","1","four","0","1"
"104242","98259","3","2024-01-17 10:09","2024-01-17 10:10","73506","1705457427980","engWord_1143220_3_1705457427980","9","0","which","1","0"
"104242","98260","3","2024-01-17 10:09","2024-01-17 10:10","73506","1705457427980","engWord_1143220_3_1705457427980","10","1","five","0","1"
"104242","98281","3","2024-01-17 10:07","2024-01-17 10:09","85681","1705457346363","engWord_1143220_3_1705457346363","1","1","one","0","1"
"104242","98282","3","2024-01-17 10:07","2024-01-17 10:09","85681","1705457346363","engWord_1143220_3_1705457346363","2","0","without","1","0"
"104242","98283","3","2024-01-17 10:07","2024-01-17 10:09","85681","1705457346363","engWord_1143220_3_1705457346363","3","0","when","1","0"
"104242","98284","3","2024-01-17 10:07","2024-01-17 10:09","85681","1705457346363","engWord_1143220_3_1705457346363","4","1","six","0","1"
"104242","98285","3","2024-01-17 10:07","2024-01-17 10:09","85681","1705457346363","engWord_1143220_3_1705457346363","5","1","what","0","1"
"104242","98286","3","2024-01-17 10:07","2024-01-17 10:09","85681","1705457346363","engWord_1143220_3_1705457346363","6","0","whether","1","0"
"104242","98287","3","2024-01-17 10:07","2024-01-17 10:09","85681","1705457346363","engWord_1143220_3_1705457346363","7","1","five","0","1"
"104242","98288","3","2024-01-17 10:07","2024-01-17 10:09","85681","1705457346363","engWord_1143220_3_1705457346363","8","1","why","0","1"
"104242","98289","3","2024-01-17 10:07","2024-01-17 10:09","85681","1705457346363","engWord_1143220_3_1705457346363","9","0","ten","1","0"
"104242","98290","3","2024-01-17 10:07","2024-01-17 10:09","85681","1705457346363","engWord_1143220_3_1705457346363","10","0","which","1","0"
"104242","98351","2","2024-01-17 10:07","2024-01-17 10:07","32297","1705457254952","engWord_1143220_2_1705457254952","1","1","coffee","0","1"
"104242","98352","2","2024-01-17 10:07","2024-01-17 10:07","32297","1705457254952","engWord_1143220_2_1705457254952","2","1","ant","0","1"
"104242","98353","2","2024-01-17 10:07","2024-01-17 10:07","32297","1705457254952","engWord_1143220_2_1705457254952","3","1","dog","0","1"
"104242","98354","2","2024-01-17 10:07","2024-01-17 10:07","32297","1705457254952","engWord_1143220_2_1705457254952","4","1","monkey","0","1"
"104242","98355","2","2024-01-17 10:07","2024-01-17 10:07","32297","1705457254952","engWord_1143220_2_1705457254952","5","1","ox","0","1"
"104242","98356","2","2024-01-17 10:07","2024-01-17 10:07","32297","1705457254952","engWord_1143220_2_1705457254952","6","1","goat","0","1"
"104242","98357","2","2024-01-17 10:07","2024-01-17 10:07","32297","1705457254952","engWord_1143220_2_1705457254952","7","1","cake","0","1"
"104242","98358","2","2024-01-17 10:07","2024-01-17 10:07","32297","1705457254952","engWord_1143220_2_1705457254952","8","1","ice","0","1"
"104242","98359","2","2024-01-17 10:07","2024-01-17 10:07","32297","1705457254952","engWord_1143220_2_1705457254952","9","1","rabbit","0","1"
"104242","98360","2","2024-01-17 10:07","2024-01-17 10:07","32297","1705457254952","engWord_1143220_2_1705457254952","10","1","lion","0","1"
"104242","98361","1","2024-01-17 10:05","2024-01-17 10:06","33247","1705457189504","engWord_1143220_1_1705457189504","1","1","those","0","1"
"104242","98362","1","2024-01-17 10:05","2024-01-17 10:06","33247","1705457189504","engWord_1143220_1_1705457189504","2","1","a","0","1"
"104242","98363","1","2024-01-17 10:05","2024-01-17 10:06","33247","1705457189504","engWord_1143220_1_1705457189504","3","1","it","0","1"
"104242","98364","1","2024-01-17 10:05","2024-01-17 10:06","33247","1705457189504","engWord_1143220_1_1705457189504","4","1","am","0","1"
"104242","98365","1","2024-01-17 10:05","2024-01-17 10:06","33247","1705457189504","engWord_1143220_1_1705457189504","5","1","you","0","1"
"104242","98366","1","2024-01-17 10:05","2024-01-17 10:06","33247","1705457189504","engWord_1143220_1_1705457189504","6","1","yes","0","1"
"104242","98367","1","2024-01-17 10:05","2024-01-17 10:06","33247","1705457189504","engWord_1143220_1_1705457189504","7","1","we","0","1"
"104242","98368","1","2024-01-17 10:05","2024-01-17 10:06","33247","1705457189504","engWord_1143220_1_1705457189504","8","1","the","0","1"
"104242","98369","1","2024-01-17 10:05","2024-01-17 10:06","33247","1705457189504","engWord_1143220_1_1705457189504","9","1","I","0","1"
"104242","98370","1","2024-01-17 10:05","2024-01-17 10:06","33247","1705457189504","engWord_1143220_1_1705457189504","10","1","she","0","1"
"108343","109071","12","2024-01-10 10:16","2024-01-10 10:17","27361","1704853033570","engWord_1148623_12_1704853033570","1","1","dry","0","1"
"108343","109072","12","2024-01-10 10:16","2024-01-10 10:17","27361","1704853033570","engWord_1148623_12_1704853033570","2","0","sorry","1","0"
"108343","109073","12","2024-01-10 10:16","2024-01-10 10:17","27361","1704853033570","engWord_1148623_12_1704853033570","3","0","a.m.","1","0"
"108343","109074","12","2024-01-10 10:16","2024-01-10 10:17","27361","1704853033570","engWord_1148623_12_1704853033570","4","0","date","1","0"
"108343","109075","12","2024-01-10 10:16","2024-01-10 10:17","27361","1704853033570","engWord_1148623_12_1704853033570","5","0","long","1","0"
"108343","109076","12","2024-01-10 10:16","2024-01-10 10:17","27361","1704853033570","engWord_1148623_12_1704853033570","6","1","low","0","1"
"108343","109077","12","2024-01-10 10:16","2024-01-10 10:17","27361","1704853033570","engWord_1148623_12_1704853033570","7","0","minute","1","0"
"108343","109078","12","2024-01-10 10:16","2024-01-10 10:17","27361","1704853033570","engWord_1148623_12_1704853033570","8","0","evening","1","0"
"108343","109079","12","2024-01-10 10:16","2024-01-10 10:17","27361","1704853033570","engWord_1148623_12_1704853033570","9","0","afternoon","1","0"
"108343","109080","12","2024-01-10 10:16","2024-01-10 10:17","27361","1704853033570","engWord_1148623_12_1704853033570","10","0","thin","1","0"
"108343","109081","12","2024-01-10 10:15","2024-01-10 10:16","77875","1704852999054","engWord_1148623_12_1704852999054","1","0","a.m.","1","0"
"108343","109082","12","2024-01-10 10:15","2024-01-10 10:16","77875","1704852999054","engWord_1148623_12_1704852999054","2","0","thin","1","0"
"108343","109083","12","2024-01-10 10:15","2024-01-10 10:16","77875","1704852999054","engWord_1148623_12_1704852999054","3","0","real","1","0"
"108343","109084","12","2024-01-10 10:15","2024-01-10 10:16","77875","1704852999054","engWord_1148623_12_1704852999054","4","0","sorry","1","0"
"108343","109085","12","2024-01-10 10:15","2024-01-10 10:16","77875","1704852999054","engWord_1148623_12_1704852999054","5","0","afternoon","1","0"
"108343","109086","12","2024-01-10 10:15","2024-01-10 10:16","77875","1704852999054","engWord_1148623_12_1704852999054","6","1","thick","0","1"
"108343","109087","12","2024-01-10 10:15","2024-01-10 10:16","77875","1704852999054","engWord_1148623_12_1704852999054","7","1","wet","0","1"
"108343","109088","12","2024-01-10 10:15","2024-01-10 10:16","77875","1704852999054","engWord_1148623_12_1704852999054","8","1","short","0","1"
"108343","109089","12","2024-01-10 10:15","2024-01-10 10:16","77875","1704852999054","engWord_1148623_12_1704852999054","9","1","hour","0","1"
"108343","109090","12","2024-01-10 10:15","2024-01-10 10:16","77875","1704852999054","engWord_1148623_12_1704852999054","10","0","low","1","0"
"108343","109091","11","2024-01-10 10:14","2024-01-10 10:15","64196","1704852909654","engWord_1148623_11_1704852909654","1","1","small","0","1"
"108343","109092","11","2024-01-10 10:14","2024-01-10 10:15","64196","1704852909654","engWord_1148623_11_1704852909654","2","1","bad","0","1"
"108343","109093","11","2024-01-10 10:14","2024-01-10 10:15","64196","1704852909654","engWord_1148623_11_1704852909654","3","1","good","0","1"
"108343","109094","11","2024-01-10 10:14","2024-01-10 10:15","64196","1704852909654","engWord_1148623_11_1704852909654","4","0","tooth","1","0"
"108343","109095","11","2024-01-10 10:14","2024-01-10 10:15","64196","1704852909654","engWord_1148623_11_1704852909654","5","0","finger","1","0"
"108343","109096","11","2024-01-10 10:14","2024-01-10 10:15","64196","1704852909654","engWord_1148623_11_1704852909654","6","1","large","0","1"
"108343","109097","11","2024-01-10 10:14","2024-01-10 10:15","64196","1704852909654","engWord_1148623_11_1704852909654","7","1","eye","0","1"
"108343","109098","11","2024-01-10 10:14","2024-01-10 10:15","64196","1704852909654","engWord_1148623_11_1704852909654","8","1","fat","0","1"
"108343","109099","11","2024-01-10 10:14","2024-01-10 10:15","64196","1704852909654","engWord_1148623_11_1704852909654","9","0","leg","1","0"
"108343","109100","11","2024-01-10 10:14","2024-01-10 10:15","64196","1704852909654","engWord_1148623_11_1704852909654","10","1","big","0","1"
"232372","109101","3","2024-01-10 10:14","2024-01-10 10:14","33224","1704852898201","engWord_1148625_3_1704852898201","1","0","without","1","0"
"232372","109102","3","2024-01-10 10:14","2024-01-10 10:14","33224","1704852898201","engWord_1148625_3_1704852898201","2","0","seven","1","0"
"232372","109103","3","2024-01-10 10:14","2024-01-10 10:14","33224","1704852898201","engWord_1148625_3_1704852898201","3","0","three","1","0"
"232372","109104","3","2024-01-10 10:14","2024-01-10 10:14","33224","1704852898201","engWord_1148625_3_1704852898201","4","0","whose","1","0"
"232372","109105","3","2024-01-10 10:14","2024-01-10 10:14","33224","1704852898201","engWord_1148625_3_1704852898201","5","0","which","1","0"
"232372","109106","3","2024-01-10 10:14","2024-01-10 10:14","33224","1704852898201","engWord_1148625_3_1704852898201","6","0","when","1","0"
"232372","109107","3","2024-01-10 10:14","2024-01-10 10:14","33224","1704852898201","engWord_1148625_3_1704852898201","7","0","nine","1","0"
"232372","109108","3","2024-01-10 10:14","2024-01-10 10:14","33224","1704852898201","engWord_1148625_3_1704852898201","8","0","how","1","0"
"232372","109109","3","2024-01-10 10:14","2024-01-10 10:14","33224","1704852898201","engWord_1148625_3_1704852898201","9","0","six","1","0"
"232372","109110","3","2024-01-10 10:14","2024-01-10 10:14","33224","1704852898201","engWord_1148625_3_1704852898201","10","0","what","1","0"
"108343","109111","10","2024-01-10 10:12","2024-01-10 10:13","55769","1704852830363","engWord_1148623_10_1704852830363","1","0","give","1","0"
"108343","109112","10","2024-01-10 10:12","2024-01-10 10:13","55769","1704852830363","engWord_1148623_10_1704852830363","2","1","find","0","1"
"108343","109113","10","2024-01-10 10:12","2024-01-10 10:13","55769","1704852830363","engWord_1148623_10_1704852830363","3","0","son","1","0"
"108343","109114","10","2024-01-10 10:12","2024-01-10 10:13","55769","1704852830363","engWord_1148623_10_1704852830363","4","0","aunt","1","0"
"108343","109115","10","2024-01-10 10:12","2024-01-10 10:13","55769","1704852830363","engWord_1148623_10_1704852830363","5","1","sir","0","1"
"108343","109116","10","2024-01-10 10:12","2024-01-10 10:13","55769","1704852830363","engWord_1148623_10_1704852830363","6","1","look","0","1"
"108343","109117","10","2024-01-10 10:12","2024-01-10 10:13","55769","1704852830363","engWord_1148623_10_1704852830363","7","0","kill","1","0"
"108343","109118","10","2024-01-10 10:12","2024-01-10 10:13","55769","1704852830363","engWord_1148623_10_1704852830363","8","1","parent","0","1"
"108343","109119","10","2024-01-10 10:12","2024-01-10 10:13","55769","1704852830363","engWord_1148623_10_1704852830363","9","1","keep","0","1"
"108343","109120","10","2024-01-10 10:12","2024-01-10 10:13","55769","1704852830363","engWord_1148623_10_1704852830363","10","0","child","1","0"
"232372","109121","3","2024-01-10 10:12","2024-01-10 10:13","26871","1704852785560","engWord_1148625_3_1704852785560","1","0","two","1","0"
"232372","109122","3","2024-01-10 10:12","2024-01-10 10:13","26871","1704852785560","engWord_1148625_3_1704852785560","2","0","ten","1","0"
"232372","109123","3","2024-01-10 10:12","2024-01-10 10:13","26871","1704852785560","engWord_1148625_3_1704852785560","3","0","whether","1","0"
"232372","109124","3","2024-01-10 10:12","2024-01-10 10:13","26871","1704852785560","engWord_1148625_3_1704852785560","4","0","how","1","0"
"232372","109125","3","2024-01-10 10:12","2024-01-10 10:13","26871","1704852785560","engWord_1148625_3_1704852785560","5","0","whose","1","0"
"232372","109126","3","2024-01-10 10:12","2024-01-10 10:13","26871","1704852785560","engWord_1148625_3_1704852785560","6","0","one","1","0"
"232372","109127","3","2024-01-10 10:12","2024-01-10 10:13","26871","1704852785560","engWord_1148625_3_1704852785560","7","0","nine","1","0"
"232372","109128","3","2024-01-10 10:12","2024-01-10 10:13","26871","1704852785560","engWord_1148625_3_1704852785560","8","0","without","1","0"
"232372","109129","3","2024-01-10 10:12","2024-01-10 10:13","26871","1704852785560","engWord_1148625_3_1704852785560","9","0","who","1","0"
"232372","109130","3","2024-01-10 10:12","2024-01-10 10:13","26871","1704852785560","engWord_1148625_3_1704852785560","10","0","what","1","0"
"108343","109131","9","2024-01-10 10:11","2024-01-10 10:12","72029","1704852756465","engWord_1148623_9_1704852756465","1","0","rat","1","0"
"108343","109132","9","2024-01-10 10:11","2024-01-10 10:12","72029","1704852756465","engWord_1148623_9_1704852756465","2","1","blue","0","1"
"108343","109133","9","2024-01-10 10:11","2024-01-10 10:12","72029","1704852756465","engWord_1148623_9_1704852756465","3","1","red","0","1"
"108343","109134","9","2024-01-10 10:11","2024-01-10 10:12","72029","1704852756465","engWord_1148623_9_1704852756465","4","1","elephant","0","1"
"108343","109135","9","2024-01-10 10:11","2024-01-10 10:12","72029","1704852756465","engWord_1148623_9_1704852756465","5","0","snake","1","0"
"108343","109136","9","2024-01-10 10:11","2024-01-10 10:12","72029","1704852756465","engWord_1148623_9_1704852756465","6","0","white","1","0"
"108343","109137","9","2024-01-10 10:11","2024-01-10 10:12","72029","1704852756465","engWord_1148623_9_1704852756465","7","0","mouse","1","0"
"108343","109138","9","2024-01-10 10:11","2024-01-10 10:12","72029","1704852756465","engWord_1148623_9_1704852756465","8","0","gray","1","0"
"108343","109139","9","2024-01-10 10:11","2024-01-10 10:12","72029","1704852756465","engWord_1148623_9_1704852756465","9","1","turtle","0","1"
"108343","109140","9","2024-01-10 10:11","2024-01-10 10:12","72029","1704852756465","engWord_1148623_9_1704852756465","10","1","horse","0","1"
"128878","109141","1","2024-01-10 10:11","2024-01-10 10:12","32382","1704852727844","engWord_1148631_1_1704852727844","1","1","I","0","1"
"128878","109142","1","2024-01-10 10:11","2024-01-10 10:12","32382","1704852727844","engWord_1148631_1_1704852727844","2","1","those","0","1"
"128878","109143","1","2024-01-10 10:11","2024-01-10 10:12","32382","1704852727844","engWord_1148631_1_1704852727844","3","1","are","0","1"
"128878","109144","1","2024-01-10 10:11","2024-01-10 10:12","32382","1704852727844","engWord_1148631_1_1704852727844","4","1","we","0","1"
"128878","109145","1","2024-01-10 10:11","2024-01-10 10:12","32382","1704852727844","engWord_1148631_1_1704852727844","5","1","these","0","1"
"128878","109146","1","2024-01-10 10:11","2024-01-10 10:12","32382","1704852727844","engWord_1148631_1_1704852727844","6","1","yes","0","1"
"128878","109147","1","2024-01-10 10:11","2024-01-10 10:12","32382","1704852727844","engWord_1148631_1_1704852727844","7","1","that","0","1"
"128878","109148","1","2024-01-10 10:11","2024-01-10 10:12","32382","1704852727844","engWord_1148631_1_1704852727844","8","1","she","0","1"
"128878","109149","1","2024-01-10 10:11","2024-01-10 10:12","32382","1704852727844","engWord_1148631_1_1704852727844","9","1","this","0","1"
"128878","109150","1","2024-01-10 10:11","2024-01-10 10:12","32382","1704852727844","engWord_1148631_1_1704852727844","10","1","a","0","1"
"232372","109151","3","2024-01-10 10:10","2024-01-10 10:11","53882","1704852696762","engWord_1148625_3_1704852696762","1","0","four","1","0"
"232372","109152","3","2024-01-10 10:10","2024-01-10 10:11","53882","1704852696762","engWord_1148625_3_1704852696762","2","0","when","1","0"
"232372","109153","3","2024-01-10 10:10","2024-01-10 10:11","53882","1704852696762","engWord_1148625_3_1704852696762","3","0","two","1","0"
"232372","109154","3","2024-01-10 10:10","2024-01-10 10:11","53882","1704852696762","engWord_1148625_3_1704852696762","4","1","six","0","1"
"232372","109155","3","2024-01-10 10:10","2024-01-10 10:11","53882","1704852696762","engWord_1148625_3_1704852696762","5","0","which","1","0"
"232372","109156","3","2024-01-10 10:10","2024-01-10 10:11","53882","1704852696762","engWord_1148625_3_1704852696762","6","0","whose","1","0"
"232372","109157","3","2024-01-10 10:10","2024-01-10 10:11","53882","1704852696762","engWord_1148625_3_1704852696762","7","0","five","1","0"
"232372","109158","3","2024-01-10 10:10","2024-01-10 10:11","53882","1704852696762","engWord_1148625_3_1704852696762","8","0","one","1","0"
"232372","109159","3","2024-01-10 10:10","2024-01-10 10:11","53882","1704852696762","engWord_1148625_3_1704852696762","9","0","what","1","0"
"232372","109160","3","2024-01-10 10:10","2024-01-10 10:11","53882","1704852696762","engWord_1148625_3_1704852696762","10","0","nine","1","0"
"108343","109161","9","2024-01-10 10:09","2024-01-10 10:11","84936","1704852678650","engWord_1148623_9_1704852678650","1","0","hen","1","0"
"108343","109162","9","2024-01-10 10:09","2024-01-10 10:11","84936","1704852678650","engWord_1148623_9_1704852678650","2","0","mouse","1","0"
"108343","109163","9","2024-01-10 10:09","2024-01-10 10:11","84936","1704852678650","engWord_1148623_9_1704852678650","3","0","purple","1","0"
"108343","109164","9","2024-01-10 10:09","2024-01-10 10:11","84936","1704852678650","engWord_1148623_9_1704852678650","4","1","blue","0","1"
"108343","109165","9","2024-01-10 10:09","2024-01-10 10:11","84936","1704852678650","engWord_1148623_9_1704852678650","5","1","red","0","1"
"108343","109166","9","2024-01-10 10:09","2024-01-10 10:11","84936","1704852678650","engWord_1148623_9_1704852678650","6","0","brown","1","0"
"108343","109167","9","2024-01-10 10:09","2024-01-10 10:11","84936","1704852678650","engWord_1148623_9_1704852678650","7","1","horse","0","1"
"108343","109168","9","2024-01-10 10:09","2024-01-10 10:11","84936","1704852678650","engWord_1148623_9_1704852678650","8","0","puppy","1","0"
"108343","109169","9","2024-01-10 10:09","2024-01-10 10:11","84936","1704852678650","engWord_1148623_9_1704852678650","9","1","green","0","1"
"108343","109170","9","2024-01-10 10:09","2024-01-10 10:11","84936","1704852678650","engWord_1148623_9_1704852678650","10","1","elephant","0","1"
"128878","109181","1","2024-01-10 10:10","2024-01-10 10:11","33725","1704852663414","engWord_1148631_1_1704852663414","1","1","yes","0","1"
"128878","109182","1","2024-01-10 10:10","2024-01-10 10:11","33725","1704852663414","engWord_1148631_1_1704852663414","2","1","this","0","1"
"128878","109183","1","2024-01-10 10:10","2024-01-10 10:11","33725","1704852663414","engWord_1148631_1_1704852663414","3","1","an","0","1"
"128878","109184","1","2024-01-10 10:10","2024-01-10 10:11","33725","1704852663414","engWord_1148631_1_1704852663414","4","1","he","0","1"
"128878","109185","1","2024-01-10 10:10","2024-01-10 10:11","33725","1704852663414","engWord_1148631_1_1704852663414","5","1","it","0","1"
"128878","109186","1","2024-01-10 10:10","2024-01-10 10:11","33725","1704852663414","engWord_1148631_1_1704852663414","6","1","be","0","1"
"128878","109187","1","2024-01-10 10:10","2024-01-10 10:11","33725","1704852663414","engWord_1148631_1_1704852663414","7","1","are","0","1"
"128878","109188","1","2024-01-10 10:10","2024-01-10 10:11","33725","1704852663414","engWord_1148631_1_1704852663414","8","1","they","0","1"
"128878","109189","1","2024-01-10 10:10","2024-01-10 10:11","33725","1704852663414","engWord_1148631_1_1704852663414","9","0","she","1","0"
"128878","109190","1","2024-01-10 10:10","2024-01-10 10:11","33725","1704852663414","engWord_1148631_1_1704852663414","10","1","those","0","1"
"128878","109191","3","2024-01-10 10:08","2024-01-10 10:10","83658","1704852616054","engWord_1148631_3_1704852616054","1","1","what","0","1"
"128878","109192","3","2024-01-10 10:08","2024-01-10 10:10","83658","1704852616054","engWord_1148631_3_1704852616054","2","0","which","1","0"
"128878","109193","3","2024-01-10 10:08","2024-01-10 10:10","83658","1704852616054","engWord_1148631_3_1704852616054","3","1","three","0","1"
"128878","109194","3","2024-01-10 10:08","2024-01-10 10:10","83658","1704852616054","engWord_1148631_3_1704852616054","4","0","eight","1","0"
"128878","109195","3","2024-01-10 10:08","2024-01-10 10:10","83658","1704852616054","engWord_1148631_3_1704852616054","5","0","who","1","0"
"128878","109196","3","2024-01-10 10:08","2024-01-10 10:10","83658","1704852616054","engWord_1148631_3_1704852616054","6","1","four","0","1"
"128878","109197","3","2024-01-10 10:08","2024-01-10 10:10","83658","1704852616054","engWord_1148631_3_1704852616054","7","0","when","1","0"
"128878","109198","3","2024-01-10 10:08","2024-01-10 10:10","83658","1704852616054","engWord_1148631_3_1704852616054","8","1","six","0","1"
"128878","109199","3","2024-01-10 10:08","2024-01-10 10:10","83658","1704852616054","engWord_1148631_3_1704852616054","9","0","where","1","0"
"128878","109200","3","2024-01-10 10:08","2024-01-10 10:10","83658","1704852616054","engWord_1148631_3_1704852616054","10","0","without","1","0"
"232372","109201","3","2024-01-10 10:08","2024-01-10 10:10","120385","1704852604889","engWord_1148625_3_1704852604889","1","1","what","0","1"
"232372","109202","3","2024-01-10 10:08","2024-01-10 10:10","120385","1704852604889","engWord_1148625_3_1704852604889","2","0","three","1","0"
"232372","109203","3","2024-01-10 10:08","2024-01-10 10:10","120385","1704852604889","engWord_1148625_3_1704852604889","3","1","one","0","1"
"232372","109204","3","2024-01-10 10:08","2024-01-10 10:10","120385","1704852604889","engWord_1148625_3_1704852604889","4","1","how","0","1"
"232372","109205","3","2024-01-10 10:08","2024-01-10 10:10","120385","1704852604889","engWord_1148625_3_1704852604889","5","0","when","1","0"
"232372","109206","3","2024-01-10 10:08","2024-01-10 10:10","120385","1704852604889","engWord_1148625_3_1704852604889","6","0","two","1","0"
"232372","109207","3","2024-01-10 10:08","2024-01-10 10:10","120385","1704852604889","engWord_1148625_3_1704852604889","7","0","ten","1","0"
"232372","109208","3","2024-01-10 10:08","2024-01-10 10:10","120385","1704852604889","engWord_1148625_3_1704852604889","8","0","without","1","0"
"232372","109209","3","2024-01-10 10:08","2024-01-10 10:10","120385","1704852604889","engWord_1148625_3_1704852604889","9","0","whether","1","0"
"232372","109210","3","2024-01-10 10:08","2024-01-10 10:10","120385","1704852604889","engWord_1148625_3_1704852604889","10","0","seven","1","0"
"128878","109221","1","2024-01-10 10:08","2024-01-10 10:08","39468","1704852520674","engWord_1148631_1_1704852520674","1","1","no","0","1"
"128878","109222","1","2024-01-10 10:08","2024-01-10 10:08","39468","1704852520674","engWord_1148631_1_1704852520674","2","1","you","0","1"
"128878","109223","1","2024-01-10 10:08","2024-01-10 10:08","39468","1704852520674","engWord_1148631_1_1704852520674","3","1","are","0","1"
"128878","109224","1","2024-01-10 10:08","2024-01-10 10:08","39468","1704852520674","engWord_1148631_1_1704852520674","4","1","this","0","1"
"128878","109225","1","2024-01-10 10:08","2024-01-10 10:08","39468","1704852520674","engWord_1148631_1_1704852520674","5","1","that","0","1"
"128878","109226","1","2024-01-10 10:08","2024-01-10 10:08","39468","1704852520674","engWord_1148631_1_1704852520674","6","1","an","0","1"
"128878","109227","1","2024-01-10 10:08","2024-01-10 10:08","39468","1704852520674","engWord_1148631_1_1704852520674","7","1","they","0","1"
"128878","109228","1","2024-01-10 10:08","2024-01-10 10:08","39468","1704852520674","engWord_1148631_1_1704852520674","8","1","a","0","1"
"128878","109229","1","2024-01-10 10:08","2024-01-10 10:08","39468","1704852520674","engWord_1148631_1_1704852520674","9","1","am","0","1"
"128878","109230","1","2024-01-10 10:08","2024-01-10 10:08","39468","1704852520674","engWord_1148631_1_1704852520674","10","1","yes","0","1"
"128878","109251","2","2024-01-10 10:07","2024-01-10 10:07","35162","1704852471184","engWord_1148631_2_1704852471184","1","1","rabbit","0","1"
"128878","109252","2","2024-01-10 10:07","2024-01-10 10:07","35162","1704852471184","engWord_1148631_2_1704852471184","2","1","lion","0","1"
"128878","109253","2","2024-01-10 10:07","2024-01-10 10:07","35162","1704852471184","engWord_1148631_2_1704852471184","3","1","tiger","0","1"
"128878","109254","2","2024-01-10 10:07","2024-01-10 10:07","35162","1704852471184","engWord_1148631_2_1704852471184","4","1","cake","0","1"
"128878","109255","2","2024-01-10 10:07","2024-01-10 10:07","35162","1704852471184","engWord_1148631_2_1704852471184","5","1","ant","0","1"
"128878","109256","2","2024-01-10 10:07","2024-01-10 10:07","35162","1704852471184","engWord_1148631_2_1704852471184","6","1","cat","0","1"
"128878","109257","2","2024-01-10 10:07","2024-01-10 10:07","35162","1704852471184","engWord_1148631_2_1704852471184","7","1","candy","0","1"
"128878","109258","2","2024-01-10 10:07","2024-01-10 10:07","35162","1704852471184","engWord_1148631_2_1704852471184","8","1","bread","0","1"
"128878","109259","2","2024-01-10 10:07","2024-01-10 10:07","35162","1704852471184","engWord_1148631_2_1704852471184","9","1","tea","0","1"
"128878","109260","2","2024-01-10 10:07","2024-01-10 10:07","35162","1704852471184","engWord_1148631_2_1704852471184","10","1","pizza","0","1"
"232372","109271","2","2024-01-10 10:07","2024-01-10 10:07","47385","1704852469798","engWord_1148625_2_1704852469798","1","1","juice","0","1"
"232372","109272","2","2024-01-10 10:07","2024-01-10 10:07","47385","1704852469798","engWord_1148625_2_1704852469798","2","1","lion","0","1"
"232372","109273","2","2024-01-10 10:07","2024-01-10 10:07","47385","1704852469798","engWord_1148625_2_1704852469798","3","1","monkey","0","1"
"232372","109274","2","2024-01-10 10:07","2024-01-10 10:07","47385","1704852469798","engWord_1148625_2_1704852469798","4","1","coffee","0","1"
"232372","109275","2","2024-01-10 10:07","2024-01-10 10:07","47385","1704852469798","engWord_1148625_2_1704852469798","5","1","ice cream","0","1"
"232372","109276","2","2024-01-10 10:07","2024-01-10 10:07","47385","1704852469798","engWord_1148625_2_1704852469798","6","1","pizza","0","1"
"232372","109277","2","2024-01-10 10:07","2024-01-10 10:07","47385","1704852469798","engWord_1148625_2_1704852469798","7","1","ant","0","1"
"232372","109278","2","2024-01-10 10:07","2024-01-10 10:07","47385","1704852469798","engWord_1148625_2_1704852469798","8","1","dog","0","1"
"232372","109279","2","2024-01-10 10:07","2024-01-10 10:07","47385","1704852469798","engWord_1148625_2_1704852469798","9","1","pig","0","1"
"232372","109280","2","2024-01-10 10:07","2024-01-10 10:07","47385","1704852469798","engWord_1148625_2_1704852469798","10","1","tea","0","1"
"128878","109291","2","2024-01-10 10:06","2024-01-10 10:07","35433","1704852428045","engWord_1148631_2_1704852428045","1","1","bread","0","1"
"128878","109292","2","2024-01-10 10:06","2024-01-10 10:07","35433","1704852428045","engWord_1148631_2_1704852428045","2","1","dog","0","1"
"128878","109293","2","2024-01-10 10:06","2024-01-10 10:07","35433","1704852428045","engWord_1148631_2_1704852428045","3","1","egg","0","1"
"128878","109294","2","2024-01-10 10:06","2024-01-10 10:07","35433","1704852428045","engWord_1148631_2_1704852428045","4","1","ice cream","0","1"
"128878","109295","2","2024-01-10 10:06","2024-01-10 10:07","35433","1704852428045","engWord_1148631_2_1704852428045","5","1","ant","0","1"
"128878","109296","2","2024-01-10 10:06","2024-01-10 10:07","35433","1704852428045","engWord_1148631_2_1704852428045","6","1","monkey","0","1"
"128878","109297","2","2024-01-10 10:06","2024-01-10 10:07","35433","1704852428045","engWord_1148631_2_1704852428045","7","1","coffee","0","1"
"128878","109298","2","2024-01-10 10:06","2024-01-10 10:07","35433","1704852428045","engWord_1148631_2_1704852428045","8","1","pizza","0","1"
"128878","109299","2","2024-01-10 10:06","2024-01-10 10:07","35433","1704852428045","engWord_1148631_2_1704852428045","9","1","ice","0","1"
"128878","109300","2","2024-01-10 10:06","2024-01-10 10:07","35433","1704852428045","engWord_1148631_2_1704852428045","10","1","cake","0","1"
"128878","109321","2","2024-01-10 10:05","2024-01-10 10:06","45379","1704852384203","engWord_1148631_2_1704852384203","1","1","monkey","0","1"
"128878","109322","2","2024-01-10 10:05","2024-01-10 10:06","45379","1704852384203","engWord_1148631_2_1704852384203","2","1","dog","0","1"
"128878","109323","2","2024-01-10 10:05","2024-01-10 10:06","45379","1704852384203","engWord_1148631_2_1704852384203","3","1","pig","0","1"
"128878","109324","2","2024-01-10 10:05","2024-01-10 10:06","45379","1704852384203","engWord_1148631_2_1704852384203","4","1","candy","0","1"
"128878","109325","2","2024-01-10 10:05","2024-01-10 10:06","45379","1704852384203","engWord_1148631_2_1704852384203","5","1","ice","0","1"
"128878","109326","2","2024-01-10 10:05","2024-01-10 10:06","45379","1704852384203","engWord_1148631_2_1704852384203","6","1","coffee","0","1"
"128878","109327","2","2024-01-10 10:05","2024-01-10 10:06","45379","1704852384203","engWord_1148631_2_1704852384203","7","1","cake","0","1"
"128878","109328","2","2024-01-10 10:05","2024-01-10 10:06","45379","1704852384203","engWord_1148631_2_1704852384203","8","1","rabbit","0","1"
"128878","109329","2","2024-01-10 10:05","2024-01-10 10:06","45379","1704852384203","engWord_1148631_2_1704852384203","9","0","bread","1","1"
"128878","109330","2","2024-01-10 10:05","2024-01-10 10:06","45379","1704852384203","engWord_1148631_2_1704852384203","10","1","juice","0","2"
"232372","109331","1","2024-01-10 10:05","2024-01-10 10:06","36389","1704852381350","engWord_1148625_1_1704852381350","1","1","a","0","1"
"232372","109332","1","2024-01-10 10:05","2024-01-10 10:06","36389","1704852381350","engWord_1148625_1_1704852381350","2","1","no","0","1"
"232372","109333","1","2024-01-10 10:05","2024-01-10 10:06","36389","1704852381350","engWord_1148625_1_1704852381350","3","1","be","0","1"
"232372","109334","1","2024-01-10 10:05","2024-01-10 10:06","36389","1704852381350","engWord_1148625_1_1704852381350","4","1","is","0","1"
"232372","109335","1","2024-01-10 10:05","2024-01-10 10:06","36389","1704852381350","engWord_1148625_1_1704852381350","5","1","he","0","1"
"232372","109336","1","2024-01-10 10:05","2024-01-10 10:06","36389","1704852381350","engWord_1148625_1_1704852381350","6","1","they","0","1"
"232372","109337","1","2024-01-10 10:05","2024-01-10 10:06","36389","1704852381350","engWord_1148625_1_1704852381350","7","1","that","0","1"
"232372","109338","1","2024-01-10 10:05","2024-01-10 10:06","36389","1704852381350","engWord_1148625_1_1704852381350","8","0","these","1","0"
"232372","109339","1","2024-01-10 10:05","2024-01-10 10:06","36389","1704852381350","engWord_1148625_1_1704852381350","9","0","those","1","0"
"232372","109340","1","2024-01-10 10:05","2024-01-10 10:06","36389","1704852381350","engWord_1148625_1_1704852381350","10","0","the","1","0"
"128878","109341","2","2024-01-10 10:04","2024-01-10 10:05","50496","1704852317492","engWord_1148631_2_1704852317492","1","1","candy","0","1"
"128878","109342","2","2024-01-10 10:04","2024-01-10 10:05","50496","1704852317492","engWord_1148631_2_1704852317492","2","1","cat","0","1"
"128878","109343","2","2024-01-10 10:04","2024-01-10 10:05","50496","1704852317492","engWord_1148631_2_1704852317492","3","1","ice cream","0","1"
"128878","109344","2","2024-01-10 10:04","2024-01-10 10:05","50496","1704852317492","engWord_1148631_2_1704852317492","4","1","tea","0","1"
"128878","109345","2","2024-01-10 10:04","2024-01-10 10:05","50496","1704852317492","engWord_1148631_2_1704852317492","5","0","ox","1","2"
"128878","109346","2","2024-01-10 10:04","2024-01-10 10:05","50496","1704852317492","engWord_1148631_2_1704852317492","6","0","ant","1","1"
"128878","109347","2","2024-01-10 10:04","2024-01-10 10:05","50496","1704852317492","engWord_1148631_2_1704852317492","7","1","rabbit","0","1"
"128878","109348","2","2024-01-10 10:04","2024-01-10 10:05","50496","1704852317492","engWord_1148631_2_1704852317492","8","1","cake","0","1"
"128878","109349","2","2024-01-10 10:04","2024-01-10 10:05","50496","1704852317492","engWord_1148631_2_1704852317492","9","1","egg","0","1"
"128878","109350","2","2024-01-10 10:04","2024-01-10 10:05","50496","1704852317492","engWord_1148631_2_1704852317492","10","1","pizza","0","1"
"104242","109361","3","2024-01-10 10:03","2024-01-10 10:04","60714","1704852296047","engWord_1143220_3_1704852296047","1","0","two","1","0"
"104242","109362","3","2024-01-10 10:03","2024-01-10 10:04","60714","1704852296047","engWord_1143220_3_1704852296047","2","1","nine","0","1"
"104242","109363","3","2024-01-10 10:03","2024-01-10 10:04","60714","1704852296047","engWord_1143220_3_1704852296047","3","1","ten","0","1"
"104242","109364","3","2024-01-10 10:03","2024-01-10 10:04","60714","1704852296047","engWord_1143220_3_1704852296047","4","0","which","1","0"
"104242","109365","3","2024-01-10 10:03","2024-01-10 10:04","60714","1704852296047","engWord_1143220_3_1704852296047","5","0","whether","1","0"
"104242","109366","3","2024-01-10 10:03","2024-01-10 10:04","60714","1704852296047","engWord_1143220_3_1704852296047","6","0","whose","1","0"
"104242","109367","3","2024-01-10 10:03","2024-01-10 10:04","60714","1704852296047","engWord_1143220_3_1704852296047","7","1","why","0","1"
"104242","109368","3","2024-01-10 10:03","2024-01-10 10:04","60714","1704852296047","engWord_1143220_3_1704852296047","8","0","when","1","0"
"104242","109369","3","2024-01-10 10:03","2024-01-10 10:04","60714","1704852296047","engWord_1143220_3_1704852296047","9","0","three","1","0"
"104242","109370","3","2024-01-10 10:03","2024-01-10 10:04","60714","1704852296047","engWord_1143220_3_1704852296047","10","1","who","0","1"
"232372","109371","1","2024-01-10 10:03","2024-01-10 10:04","46990","1704852277799","engWord_1148625_1_1704852277799","1","0","a","1","0"
"232372","109372","1","2024-01-10 10:03","2024-01-10 10:04","46990","1704852277799","engWord_1148625_1_1704852277799","2","0","no","1","0"
"232372","109373","1","2024-01-10 10:03","2024-01-10 10:04","46990","1704852277799","engWord_1148625_1_1704852277799","3","0","be","1","0"
"232372","109374","1","2024-01-10 10:03","2024-01-10 10:04","46990","1704852277799","engWord_1148625_1_1704852277799","4","0","they","1","0"
"232372","109375","1","2024-01-10 10:03","2024-01-10 10:04","46990","1704852277799","engWord_1148625_1_1704852277799","5","0","he","1","0"
"232372","109376","1","2024-01-10 10:03","2024-01-10 10:04","46990","1704852277799","engWord_1148625_1_1704852277799","6","1","is","0","1"
"232372","109377","1","2024-01-10 10:03","2024-01-10 10:04","46990","1704852277799","engWord_1148625_1_1704852277799","7","0","the","1","0"
"232372","109378","1","2024-01-10 10:03","2024-01-10 10:04","46990","1704852277799","engWord_1148625_1_1704852277799","8","0","those","1","0"
"232372","109379","1","2024-01-10 10:03","2024-01-10 10:04","46990","1704852277799","engWord_1148625_1_1704852277799","9","1","these","0","1"
"232372","109380","1","2024-01-10 10:03","2024-01-10 10:04","46990","1704852277799","engWord_1148625_1_1704852277799","10","1","that","0","1"
"128878","109381","1","2024-01-10 10:03","2024-01-10 10:04","30135","1704852255136","engWord_1148631_1_1704852255136","1","1","we","0","1"
"128878","109382","1","2024-01-10 10:03","2024-01-10 10:04","30135","1704852255136","engWord_1148631_1_1704852255136","2","1","he","0","1"
"128878","109383","1","2024-01-10 10:03","2024-01-10 10:04","30135","1704852255136","engWord_1148631_1_1704852255136","3","1","the","0","1"
"128878","109384","1","2024-01-10 10:03","2024-01-10 10:04","30135","1704852255136","engWord_1148631_1_1704852255136","4","1","is","0","1"
"128878","109385","1","2024-01-10 10:03","2024-01-10 10:04","30135","1704852255136","engWord_1148631_1_1704852255136","5","1","they","0","1"
"128878","109386","1","2024-01-10 10:03","2024-01-10 10:04","30135","1704852255136","engWord_1148631_1_1704852255136","6","1","she","0","1"
"128878","109387","1","2024-01-10 10:03","2024-01-10 10:04","30135","1704852255136","engWord_1148631_1_1704852255136","7","1","an","0","1"
"128878","109388","1","2024-01-10 10:03","2024-01-10 10:04","30135","1704852255136","engWord_1148631_1_1704852255136","8","1","those","0","1"
"128878","109389","1","2024-01-10 10:03","2024-01-10 10:04","30135","1704852255136","engWord_1148631_1_1704852255136","9","1","it","0","1"
"128878","109390","1","2024-01-10 10:03","2024-01-10 10:04","30135","1704852255136","engWord_1148631_1_1704852255136","10","1","this","0","1"
"278962","109401","1","2024-01-10 10:03","2024-01-10 10:03","46254","1704852239063","engWord_1148633_1_1704852239063","1","1","he","0","1"
"278962","109402","1","2024-01-10 10:03","2024-01-10 10:03","46254","1704852239063","engWord_1148633_1_1704852239063","2","1","a","0","1"
"278962","109403","1","2024-01-10 10:03","2024-01-10 10:03","46254","1704852239063","engWord_1148633_1_1704852239063","3","1","these","0","1"
"278962","109404","1","2024-01-10 10:03","2024-01-10 10:03","46254","1704852239063","engWord_1148633_1_1704852239063","4","1","we","0","1"
"278962","109405","1","2024-01-10 10:03","2024-01-10 10:03","46254","1704852239063","engWord_1148633_1_1704852239063","5","1","you","0","1"
"278962","109406","1","2024-01-10 10:03","2024-01-10 10:03","46254","1704852239063","engWord_1148633_1_1704852239063","6","1","the","0","1"
"278962","109407","1","2024-01-10 10:03","2024-01-10 10:03","46254","1704852239063","engWord_1148633_1_1704852239063","7","1","I","0","1"
"278962","109408","1","2024-01-10 10:03","2024-01-10 10:03","46254","1704852239063","engWord_1148633_1_1704852239063","8","1","is","0","1"
"278962","109409","1","2024-01-10 10:03","2024-01-10 10:03","46254","1704852239063","engWord_1148633_1_1704852239063","9","1","an","0","1"
"278962","109410","1","2024-01-10 10:03","2024-01-10 10:03","46254","1704852239063","engWord_1148633_1_1704852239063","10","1","no","0","1"
"104242","109411","3","2024-01-10 10:02","2024-01-10 10:03","98242","1704852229679","engWord_1143220_3_1704852229679","1","1","five","0","1"
"104242","109412","3","2024-01-10 10:02","2024-01-10 10:03","98242","1704852229679","engWord_1143220_3_1704852229679","2","1","six","0","1"
"104242","109413","3","2024-01-10 10:02","2024-01-10 10:03","98242","1704852229679","engWord_1143220_3_1704852229679","3","1","nine","0","1"
"104242","109414","3","2024-01-10 10:02","2024-01-10 10:03","98242","1704852229679","engWord_1143220_3_1704852229679","4","0","without","1","0"
"104242","109415","3","2024-01-10 10:02","2024-01-10 10:03","98242","1704852229679","engWord_1143220_3_1704852229679","5","1","why","0","1"
"104242","109416","3","2024-01-10 10:02","2024-01-10 10:03","98242","1704852229679","engWord_1143220_3_1704852229679","6","0","which","1","0"
"104242","109417","3","2024-01-10 10:02","2024-01-10 10:03","98242","1704852229679","engWord_1143220_3_1704852229679","7","0","seven","1","0"
"104242","109418","3","2024-01-10 10:02","2024-01-10 10:03","98242","1704852229679","engWord_1143220_3_1704852229679","8","0","what","1","0"
"104242","109419","3","2024-01-10 10:02","2024-01-10 10:03","98242","1704852229679","engWord_1143220_3_1704852229679","9","0","eight","1","0"
"104242","109420","3","2024-01-10 10:02","2024-01-10 10:03","98242","1704852229679","engWord_1143220_3_1704852229679","10","0","who","1","0"
"50836","109421","14","2024-01-10 10:02","2024-01-10 10:03","52698","1704852201976","engWord_1148624_14_1704852201976","1","1","a few","0","1"
"50836","109422","14","2024-01-10 10:02","2024-01-10 10:03","52698","1704852201976","engWord_1148624_14_1704852201976","2","1","man","0","1"
"50836","109423","14","2024-01-10 10:02","2024-01-10 10:03","52698","1704852201976","engWord_1148624_14_1704852201976","3","1","Miss","0","1"
"50836","109424","14","2024-01-10 10:02","2024-01-10 10:03","52698","1704852201976","engWord_1148624_14_1704852201976","4","1","people","0","1"
"50836","109425","14","2024-01-10 10:02","2024-01-10 10:03","52698","1704852201976","engWord_1148624_14_1704852201976","5","1","much","0","2"
"50836","109426","14","2024-01-10 10:02","2024-01-10 10:03","52698","1704852201976","engWord_1148624_14_1704852201976","6","0","woman","1","1"
"50836","109427","14","2024-01-10 10:02","2024-01-10 10:03","52698","1704852201976","engWord_1148624_14_1704852201976","7","1","Mrs.","0","1"
"50836","109428","14","2024-01-10 10:02","2024-01-10 10:03","52698","1704852201976","engWord_1148624_14_1704852201976","8","1","a little","0","2"
"50836","109429","14","2024-01-10 10:02","2024-01-10 10:03","52698","1704852201976","engWord_1148624_14_1704852201976","9","1","girl","0","1"
"50836","109430","14","2024-01-10 10:02","2024-01-10 10:03","52698","1704852201976","engWord_1148624_14_1704852201976","10","0","a lot","1","1"
"128878","109431","1","2024-01-10 10:02","2024-01-10 10:02","27755","1704852164989","engWord_1148631_1_1704852164989","1","1","you","0","1"
"128878","109432","1","2024-01-10 10:02","2024-01-10 10:02","27755","1704852164989","engWord_1148631_1_1704852164989","2","1","are","0","1"
"128878","109433","1","2024-01-10 10:02","2024-01-10 10:02","27755","1704852164989","engWord_1148631_1_1704852164989","3","1","that","0","1"
"128878","109434","1","2024-01-10 10:02","2024-01-10 10:02","27755","1704852164989","engWord_1148631_1_1704852164989","4","1","no","0","1"
"128878","109435","1","2024-01-10 10:02","2024-01-10 10:02","27755","1704852164989","engWord_1148631_1_1704852164989","5","1","they","0","1"
"128878","109436","1","2024-01-10 10:02","2024-01-10 10:02","27755","1704852164989","engWord_1148631_1_1704852164989","6","1","she","0","1"
"128878","109437","1","2024-01-10 10:02","2024-01-10 10:02","27755","1704852164989","engWord_1148631_1_1704852164989","7","1","yes","0","1"
"128878","109438","1","2024-01-10 10:02","2024-01-10 10:02","27755","1704852164989","engWord_1148631_1_1704852164989","8","1","be","0","1"
"128878","109439","1","2024-01-10 10:02","2024-01-10 10:02","27755","1704852164989","engWord_1148631_1_1704852164989","9","1","I","0","1"
"128878","109440","1","2024-01-10 10:02","2024-01-10 10:02","27755","1704852164989","engWord_1148631_1_1704852164989","10","1","these","0","1"
"50836","109441","13","2024-01-10 10:01","2024-01-10 10:02","30914","1704852135314","engWord_1148624_13_1704852135314","1","1","season","0","1"
"50836","109442","13","2024-01-10 10:01","2024-01-10 10:02","30914","1704852135314","engWord_1148624_13_1704852135314","2","1","train","0","1"
"50836","109443","13","2024-01-10 10:01","2024-01-10 10:02","30914","1704852135314","engWord_1148624_13_1704852135314","3","1","today","0","1"
"50836","109444","13","2024-01-10 10:01","2024-01-10 10:02","30914","1704852135314","engWord_1148624_13_1704852135314","4","1","tomorrow","0","1"
"50836","109445","13","2024-01-10 10:01","2024-01-10 10:02","30914","1704852135314","engWord_1148624_13_1704852135314","5","1","boat","0","1"
"50836","109446","13","2024-01-10 10:01","2024-01-10 10:02","30914","1704852135314","engWord_1148624_13_1704852135314","6","1","month","0","1"
"50836","109447","13","2024-01-10 10:01","2024-01-10 10:02","30914","1704852135314","engWord_1148624_13_1704852135314","7","1","airplane","0","1"
"50836","109448","13","2024-01-10 10:01","2024-01-10 10:02","30914","1704852135314","engWord_1148624_13_1704852135314","8","1","tonight","0","1"
"50836","109449","13","2024-01-10 10:01","2024-01-10 10:02","30914","1704852135314","engWord_1148624_13_1704852135314","9","1","o'clock","0","1"
"50836","109450","13","2024-01-10 10:01","2024-01-10 10:02","30914","1704852135314","engWord_1148624_13_1704852135314","10","1","weekend","0","1"
"313378","109451","1","2024-01-10 10:01","2024-01-10 10:02","32245","1704852135276","engWord_1148629_1_1704852135276","1","1","we","0","1"
"313378","109452","1","2024-01-10 10:01","2024-01-10 10:02","32245","1704852135276","engWord_1148629_1_1704852135276","2","1","she","0","1"
"313378","109453","1","2024-01-10 10:01","2024-01-10 10:02","32245","1704852135276","engWord_1148629_1_1704852135276","3","1","this","0","1"
"313378","109454","1","2024-01-10 10:01","2024-01-10 10:02","32245","1704852135276","engWord_1148629_1_1704852135276","4","1","a","0","1"
"313378","109455","1","2024-01-10 10:01","2024-01-10 10:02","32245","1704852135276","engWord_1148629_1_1704852135276","5","1","they","0","1"
"313378","109456","1","2024-01-10 10:01","2024-01-10 10:02","32245","1704852135276","engWord_1148629_1_1704852135276","6","1","I","0","1"
"313378","109457","1","2024-01-10 10:01","2024-01-10 10:02","32245","1704852135276","engWord_1148629_1_1704852135276","7","1","no","0","1"
"313378","109458","1","2024-01-10 10:01","2024-01-10 10:02","32245","1704852135276","engWord_1148629_1_1704852135276","8","1","these","0","1"
"313378","109459","1","2024-01-10 10:01","2024-01-10 10:02","32245","1704852135276","engWord_1148629_1_1704852135276","9","1","the","0","1"
"313378","109460","1","2024-01-10 10:01","2024-01-10 10:02","32245","1704852135276","engWord_1148629_1_1704852135276","10","1","that","0","1"
"128878","109461","3","2024-01-10 10:00","2024-01-10 10:02","98933","1704852126743","engWord_1148631_3_1704852126743","1","0","eight","1","0"
"128878","109462","3","2024-01-10 10:00","2024-01-10 10:02","98933","1704852126743","engWord_1148631_3_1704852126743","2","0","what","1","0"
"128878","109463","3","2024-01-10 10:00","2024-01-10 10:02","98933","1704852126743","engWord_1148631_3_1704852126743","3","1","five","0","1"
"128878","109464","3","2024-01-10 10:00","2024-01-10 10:02","98933","1704852126743","engWord_1148631_3_1704852126743","4","0","how","1","0"
"128878","109465","3","2024-01-10 10:00","2024-01-10 10:02","98933","1704852126743","engWord_1148631_3_1704852126743","5","0","why","1","0"
"128878","109466","3","2024-01-10 10:00","2024-01-10 10:02","98933","1704852126743","engWord_1148631_3_1704852126743","6","1","nine","0","1"
"128878","109467","3","2024-01-10 10:00","2024-01-10 10:02","98933","1704852126743","engWord_1148631_3_1704852126743","7","1","ten","0","1"
"128878","109468","3","2024-01-10 10:00","2024-01-10 10:02","98933","1704852126743","engWord_1148631_3_1704852126743","8","0","who","1","0"
"128878","109469","3","2024-01-10 10:00","2024-01-10 10:02","98933","1704852126743","engWord_1148631_3_1704852126743","9","0","without","1","0"
"128878","109470","3","2024-01-10 10:00","2024-01-10 10:02","98933","1704852126743","engWord_1148631_3_1704852126743","10","1","four","0","1"
"50836","109481","12","2024-01-10 10:00","2024-01-10 10:01","71472","1704852093909","engWord_1148624_12_1704852093909","1","1","dry","0","1"
"50836","109482","12","2024-01-10 10:00","2024-01-10 10:01","71472","1704852093909","engWord_1148624_12_1704852093909","2","0","evening","1","0"
"50836","109483","12","2024-01-10 10:00","2024-01-10 10:01","71472","1704852093909","engWord_1148624_12_1704852093909","3","1","wet","0","1"
"50836","109484","12","2024-01-10 10:00","2024-01-10 10:01","71472","1704852093909","engWord_1148624_12_1704852093909","4","0","thick","1","0"
"50836","109485","12","2024-01-10 10:00","2024-01-10 10:01","71472","1704852093909","engWord_1148624_12_1704852093909","5","1","low","0","1"
"50836","109486","12","2024-01-10 10:00","2024-01-10 10:01","71472","1704852093909","engWord_1148624_12_1704852093909","6","0","sorry","1","0"
"50836","109487","12","2024-01-10 10:00","2024-01-10 10:01","71472","1704852093909","engWord_1148624_12_1704852093909","7","0","real","1","0"
"50836","109488","12","2024-01-10 10:00","2024-01-10 10:01","71472","1704852093909","engWord_1148624_12_1704852093909","8","1","night","0","1"
"50836","109489","12","2024-01-10 10:00","2024-01-10 10:01","71472","1704852093909","engWord_1148624_12_1704852093909","9","1","p.m.","0","1"
"50836","109490","12","2024-01-10 10:00","2024-01-10 10:01","71472","1704852093909","engWord_1148624_12_1704852093909","10","1","short","0","1"
"313378","109491","1","2024-01-10 10:00","2024-01-10 10:01","38385","1704852089934","engWord_1148629_1_1704852089934","1","1","are","0","1"
"313378","109492","1","2024-01-10 10:00","2024-01-10 10:01","38385","1704852089934","engWord_1148629_1_1704852089934","2","1","that","0","1"
"313378","109493","1","2024-01-10 10:00","2024-01-10 10:01","38385","1704852089934","engWord_1148629_1_1704852089934","3","1","the","0","1"
"313378","109494","1","2024-01-10 10:00","2024-01-10 10:01","38385","1704852089934","engWord_1148629_1_1704852089934","4","1","you","0","1"
"313378","109495","1","2024-01-10 10:00","2024-01-10 10:01","38385","1704852089934","engWord_1148629_1_1704852089934","5","1","a","0","1"
"313378","109496","1","2024-01-10 10:00","2024-01-10 10:01","38385","1704852089934","engWord_1148629_1_1704852089934","6","1","she","0","1"
"313378","109497","1","2024-01-10 10:00","2024-01-10 10:01","38385","1704852089934","engWord_1148629_1_1704852089934","7","1","be","0","1"
"313378","109498","1","2024-01-10 10:00","2024-01-10 10:01","38385","1704852089934","engWord_1148629_1_1704852089934","8","1","these","0","1"
"313378","109499","1","2024-01-10 10:00","2024-01-10 10:01","38385","1704852089934","engWord_1148629_1_1704852089934","9","1","those","0","1"
"313378","109500","1","2024-01-10 10:00","2024-01-10 10:01","38385","1704852089934","engWord_1148629_1_1704852089934","10","1","he","0","1"
"104242","109511","2","2024-01-10 10:00","2024-01-10 10:01","52968","1704852079329","engWord_1143220_2_1704852079329","1","1","goat","0","1"
"104242","109512","2","2024-01-10 10:00","2024-01-10 10:01","52968","1704852079329","engWord_1143220_2_1704852079329","2","1","candy","0","1"
"104242","109513","2","2024-01-10 10:00","2024-01-10 10:01","52968","1704852079329","engWord_1143220_2_1704852079329","3","1","ice cream","0","1"
"104242","109514","2","2024-01-10 10:00","2024-01-10 10:01","52968","1704852079329","engWord_1143220_2_1704852079329","4","1","ox","0","1"
"104242","109515","2","2024-01-10 10:00","2024-01-10 10:01","52968","1704852079329","engWord_1143220_2_1704852079329","5","1","juice","0","1"
"104242","109516","2","2024-01-10 10:00","2024-01-10 10:01","52968","1704852079329","engWord_1143220_2_1704852079329","6","1","dog","0","1"
"104242","109517","2","2024-01-10 10:00","2024-01-10 10:01","52968","1704852079329","engWord_1143220_2_1704852079329","7","1","coffee","0","1"
"104242","109518","2","2024-01-10 10:00","2024-01-10 10:01","52968","1704852079329","engWord_1143220_2_1704852079329","8","1","monkey","0","1"
"104242","109519","2","2024-01-10 10:00","2024-01-10 10:01","52968","1704852079329","engWord_1143220_2_1704852079329","9","1","pizza","0","3"
"104242","109520","2","2024-01-10 10:00","2024-01-10 10:01","52968","1704852079329","engWord_1143220_2_1704852079329","10","0","bread","2","1"
"313378","109521","1","2024-01-10 09:59","2024-01-10 10:00","39585","1704852039147","engWord_1148629_1_1704852039147","1","1","those","0","1"
"313378","109522","1","2024-01-10 09:59","2024-01-10 10:00","39585","1704852039147","engWord_1148629_1_1704852039147","2","1","are","0","1"
"313378","109523","1","2024-01-10 09:59","2024-01-10 10:00","39585","1704852039147","engWord_1148629_1_1704852039147","3","1","be","0","1"
"313378","109524","1","2024-01-10 09:59","2024-01-10 10:00","39585","1704852039147","engWord_1148629_1_1704852039147","4","1","yes","0","1"
"313378","109525","1","2024-01-10 09:59","2024-01-10 10:00","39585","1704852039147","engWord_1148629_1_1704852039147","5","0","an","1","0"
"313378","109526","1","2024-01-10 09:59","2024-01-10 10:00","39585","1704852039147","engWord_1148629_1_1704852039147","6","1","you","0","1"
"313378","109527","1","2024-01-10 09:59","2024-01-10 10:00","39585","1704852039147","engWord_1148629_1_1704852039147","7","1","she","0","1"
"313378","109528","1","2024-01-10 09:59","2024-01-10 10:00","39585","1704852039147","engWord_1148629_1_1704852039147","8","1","this","0","1"
"313378","109529","1","2024-01-10 09:59","2024-01-10 10:00","39585","1704852039147","engWord_1148629_1_1704852039147","9","1","the","0","1"
"313378","109530","1","2024-01-10 09:59","2024-01-10 10:00","39585","1704852039147","engWord_1148629_1_1704852039147","10","1","he","0","1"
"128878","109541","2","2024-01-10 09:59","2024-01-10 10:00","55709","1704852017749","engWord_1148631_2_1704852017749","1","1","candy","0","1"
"128878","109542","2","2024-01-10 09:59","2024-01-10 10:00","55709","1704852017749","engWord_1148631_2_1704852017749","2","1","tea","0","1"
"128878","109543","2","2024-01-10 09:59","2024-01-10 10:00","55709","1704852017749","engWord_1148631_2_1704852017749","3","1","egg","0","1"
"128878","109544","2","2024-01-10 09:59","2024-01-10 10:00","55709","1704852017749","engWord_1148631_2_1704852017749","4","1","pig","0","1"
"128878","109545","2","2024-01-10 09:59","2024-01-10 10:00","55709","1704852017749","engWord_1148631_2_1704852017749","5","1","juice","0","1"
"128878","109546","2","2024-01-10 09:59","2024-01-10 10:00","55709","1704852017749","engWord_1148631_2_1704852017749","6","1","monkey","0","1"
"128878","109547","2","2024-01-10 09:59","2024-01-10 10:00","55709","1704852017749","engWord_1148631_2_1704852017749","7","1","cake","0","1"
"128878","109548","2","2024-01-10 09:59","2024-01-10 10:00","55709","1704852017749","engWord_1148631_2_1704852017749","8","1","goat","0","1"
"128878","109549","2","2024-01-10 09:59","2024-01-10 10:00","55709","1704852017749","engWord_1148631_2_1704852017749","9","1","tiger","0","1"
"128878","109550","2","2024-01-10 09:59","2024-01-10 10:00","55709","1704852017749","engWord_1148631_2_1704852017749","10","1","pizza","0","1"
"50836","109551","11","2024-01-10 09:59","2024-01-10 10:00","61633","1704852013929","engWord_1148624_11_1704852013929","1","1","new","0","1"
"50836","109552","11","2024-01-10 09:59","2024-01-10 10:00","61633","1704852013929","engWord_1148624_11_1704852013929","2","1","good","0","1"
"50836","109553","11","2024-01-10 09:59","2024-01-10 10:00","61633","1704852013929","engWord_1148624_11_1704852013929","3","0","tooth","1","0"
"50836","109554","11","2024-01-10 09:59","2024-01-10 10:00","61633","1704852013929","engWord_1148624_11_1704852013929","4","1","large","0","1"
"50836","109555","11","2024-01-10 09:59","2024-01-10 10:00","61633","1704852013929","engWord_1148624_11_1704852013929","5","1","finger","0","1"
"50836","109556","11","2024-01-10 09:59","2024-01-10 10:00","61633","1704852013929","engWord_1148624_11_1704852013929","6","1","fat","0","1"
"50836","109557","11","2024-01-10 09:59","2024-01-10 10:00","61633","1704852013929","engWord_1148624_11_1704852013929","7","0","head","1","0"
"50836","109558","11","2024-01-10 09:59","2024-01-10 10:00","61633","1704852013929","engWord_1148624_11_1704852013929","8","1","big","0","1"
"50836","109559","11","2024-01-10 09:59","2024-01-10 10:00","61633","1704852013929","engWord_1148624_11_1704852013929","9","1","head","0","1"
"50836","109560","11","2024-01-10 09:59","2024-01-10 10:00","61633","1704852013929","engWord_1148624_11_1704852013929","10","0","head","1","0"
"128878","109581","1","2024-01-10 09:58","2024-01-10 09:58","33941","1704851939301","engWord_1148631_1_1704851939301","1","1","a","0","1"
"128878","109582","1","2024-01-10 09:58","2024-01-10 09:58","33941","1704851939301","engWord_1148631_1_1704851939301","2","1","you","0","1"
"128878","109583","1","2024-01-10 09:58","2024-01-10 09:58","33941","1704851939301","engWord_1148631_1_1704851939301","3","1","he","0","1"
"128878","109584","1","2024-01-10 09:58","2024-01-10 09:58","33941","1704851939301","engWord_1148631_1_1704851939301","4","1","she","0","1"
"128878","109585","1","2024-01-10 09:58","2024-01-10 09:58","33941","1704851939301","engWord_1148631_1_1704851939301","5","1","this","0","1"
"128878","109586","1","2024-01-10 09:58","2024-01-10 09:58","33941","1704851939301","engWord_1148631_1_1704851939301","6","1","is","0","1"
"128878","109587","1","2024-01-10 09:58","2024-01-10 09:58","33941","1704851939301","engWord_1148631_1_1704851939301","7","1","they","0","1"
"128878","109588","1","2024-01-10 09:58","2024-01-10 09:58","33941","1704851939301","engWord_1148631_1_1704851939301","8","1","those","0","1"
"128878","109589","1","2024-01-10 09:58","2024-01-10 09:58","33941","1704851939301","engWord_1148631_1_1704851939301","9","1","are","0","1"
"128878","109590","1","2024-01-10 09:58","2024-01-10 09:58","33941","1704851939301","engWord_1148631_1_1704851939301","10","1","be","0","1"
"104242","109591","1","2024-01-10 09:58","2024-01-10 09:58","42042","1704851928046","engWord_1143220_1_1704851928046","1","0","these","1","0"
"104242","109592","1","2024-01-10 09:58","2024-01-10 09:58","42042","1704851928046","engWord_1143220_1_1704851928046","2","1","it","0","1"
"104242","109593","1","2024-01-10 09:58","2024-01-10 09:58","42042","1704851928046","engWord_1143220_1_1704851928046","3","1","no","0","1"
"104242","109594","1","2024-01-10 09:58","2024-01-10 09:58","42042","1704851928046","engWord_1143220_1_1704851928046","4","1","she","0","1"
"104242","109595","1","2024-01-10 09:58","2024-01-10 09:58","42042","1704851928046","engWord_1143220_1_1704851928046","5","1","is","0","1"
"104242","109596","1","2024-01-10 09:58","2024-01-10 09:58","42042","1704851928046","engWord_1143220_1_1704851928046","6","1","this","0","1"
"104242","109597","1","2024-01-10 09:58","2024-01-10 09:58","42042","1704851928046","engWord_1143220_1_1704851928046","7","0","are","1","0"
"104242","109598","1","2024-01-10 09:58","2024-01-10 09:58","42042","1704851928046","engWord_1143220_1_1704851928046","8","1","I","0","1"
"104242","109599","1","2024-01-10 09:58","2024-01-10 09:58","42042","1704851928046","engWord_1143220_1_1704851928046","9","1","yes","0","1"
"104242","109600","1","2024-01-10 09:58","2024-01-10 09:58","42042","1704851928046","engWord_1143220_1_1704851928046","10","0","be","1","0"
"313378","109601","2","2024-01-10 09:57","2024-01-10 09:58","75236","1704851924632","engWord_1148629_2_1704851924632","1","1","pig","0","1"
"313378","109602","2","2024-01-10 09:57","2024-01-10 09:58","75236","1704851924632","engWord_1148629_2_1704851924632","2","1","egg","0","1"
"313378","109603","2","2024-01-10 09:57","2024-01-10 09:58","75236","1704851924632","engWord_1148629_2_1704851924632","3","1","coffee","0","1"
"313378","109604","2","2024-01-10 09:57","2024-01-10 09:58","75236","1704851924632","engWord_1148629_2_1704851924632","4","1","cake","0","1"
"313378","109605","2","2024-01-10 09:57","2024-01-10 09:58","75236","1704851924632","engWord_1148629_2_1704851924632","5","1","dog","0","1"
"313378","109606","2","2024-01-10 09:57","2024-01-10 09:58","75236","1704851924632","engWord_1148629_2_1704851924632","6","1","rabbit","0","1"
"313378","109607","2","2024-01-10 09:57","2024-01-10 09:58","75236","1704851924632","engWord_1148629_2_1704851924632","7","0","bread","2","1"
"313378","109608","2","2024-01-10 09:57","2024-01-10 09:58","75236","1704851924632","engWord_1148629_2_1704851924632","8","1","monkey","0","3"
"313378","109609","2","2024-01-10 09:57","2024-01-10 09:58","75236","1704851924632","engWord_1148629_2_1704851924632","9","1","ice cream","0","2"
"313378","109610","2","2024-01-10 09:57","2024-01-10 09:58","75236","1704851924632","engWord_1148629_2_1704851924632","10","0","ant","2","1"
"50836","109611","15","2024-01-10 09:57","2024-01-10 09:58","74786","1704851902470","engWord_1148624_15_1704851902470","1","0","shoulder","1","0"
"50836","109612","15","2024-01-10 09:57","2024-01-10 09:58","74786","1704851902470","engWord_1148624_15_1704851902470","2","0","knee","1","0"
"50836","109613","15","2024-01-10 09:57","2024-01-10 09:58","74786","1704851902470","engWord_1148624_15_1704851902470","3","0","lawyer","1","0"
"50836","109614","15","2024-01-10 09:57","2024-01-10 09:58","74786","1704851902470","engWord_1148624_15_1704851902470","4","0","writer","1","0"
"50836","109615","15","2024-01-10 09:57","2024-01-10 09:58","74786","1704851902470","engWord_1148624_15_1704851902470","5","0","heart","1","0"
"50836","109616","15","2024-01-10 09:57","2024-01-10 09:58","74786","1704851902470","engWord_1148624_15_1704851902470","6","1","doctor","0","1"
"50836","109617","15","2024-01-10 09:57","2024-01-10 09:58","74786","1704851902470","engWord_1148624_15_1704851902470","7","0","lip","1","0"
"50836","109618","15","2024-01-10 09:57","2024-01-10 09:58","74786","1704851902470","engWord_1148624_15_1704851902470","8","1","hair","0","1"
"50836","109619","15","2024-01-10 09:57","2024-01-10 09:58","74786","1704851902470","engWord_1148624_15_1704851902470","9","1","foot","0","1"
"50836","109620","15","2024-01-10 09:57","2024-01-10 09:58","74786","1704851902470","engWord_1148624_15_1704851902470","10","0","teacher","1","0"
"128878","109621","1","2024-01-10 09:57","2024-01-10 09:58","33681","1704851892829","engWord_1148631_1_1704851892829","1","1","an","0","1"
"128878","109622","1","2024-01-10 09:57","2024-01-10 09:58","33681","1704851892829","engWord_1148631_1_1704851892829","2","1","that","0","1"
"128878","109623","1","2024-01-10 09:57","2024-01-10 09:58","33681","1704851892829","engWord_1148631_1_1704851892829","3","1","a","0","1"
"128878","109624","1","2024-01-10 09:57","2024-01-10 09:58","33681","1704851892829","engWord_1148631_1_1704851892829","4","1","is","0","1"
"128878","109625","1","2024-01-10 09:57","2024-01-10 09:58","33681","1704851892829","engWord_1148631_1_1704851892829","5","1","I","0","1"
"128878","109626","1","2024-01-10 09:57","2024-01-10 09:58","33681","1704851892829","engWord_1148631_1_1704851892829","6","1","it","0","1"
"128878","109627","1","2024-01-10 09:57","2024-01-10 09:58","33681","1704851892829","engWord_1148631_1_1704851892829","7","0","he","1","0"
"128878","109628","1","2024-01-10 09:57","2024-01-10 09:58","33681","1704851892829","engWord_1148631_1_1704851892829","8","1","they","0","1"
"128878","109629","1","2024-01-10 09:57","2024-01-10 09:58","33681","1704851892829","engWord_1148631_1_1704851892829","9","1","she","0","1"
"128878","109630","1","2024-01-10 09:57","2024-01-10 09:58","33681","1704851892829","engWord_1148631_1_1704851892829","10","1","be","0","1"
"313378","109651","1","2024-01-10 09:56","2024-01-10 09:57","40741","1704851828840","engWord_1148629_1_1704851828840","1","0","you","1","0"
"313378","109652","1","2024-01-10 09:56","2024-01-10 09:57","40741","1704851828840","engWord_1148629_1_1704851828840","2","1","he","0","1"
"313378","109653","1","2024-01-10 09:56","2024-01-10 09:57","40741","1704851828840","engWord_1148629_1_1704851828840","3","1","they","0","1"
"313378","109654","1","2024-01-10 09:56","2024-01-10 09:57","40741","1704851828840","engWord_1148629_1_1704851828840","4","1","this","0","1"
"313378","109655","1","2024-01-10 09:56","2024-01-10 09:57","40741","1704851828840","engWord_1148629_1_1704851828840","5","1","am","0","1"
"313378","109656","1","2024-01-10 09:56","2024-01-10 09:57","40741","1704851828840","engWord_1148629_1_1704851828840","6","1","the","0","1"
"313378","109657","1","2024-01-10 09:56","2024-01-10 09:57","40741","1704851828840","engWord_1148629_1_1704851828840","7","1","these","0","1"
"313378","109658","1","2024-01-10 09:56","2024-01-10 09:57","40741","1704851828840","engWord_1148629_1_1704851828840","8","1","we","0","1"
"313378","109659","1","2024-01-10 09:56","2024-01-10 09:57","40741","1704851828840","engWord_1148629_1_1704851828840","9","1","that","0","1"
"313378","109660","1","2024-01-10 09:56","2024-01-10 09:57","40741","1704851828840","engWord_1148629_1_1704851828840","10","1","be","0","1"
"50836","109661","14","2024-01-10 09:54","2024-01-10 09:57","126393","1704851819386","engWord_1148624_14_1704851819386","1","0","woman","1","1"
"50836","109662","14","2024-01-10 09:54","2024-01-10 09:57","126393","1704851819386","engWord_1148624_14_1704851819386","2","1","Mr.","0","2"
"50836","109663","14","2024-01-10 09:54","2024-01-10 09:57","126393","1704851819386","engWord_1148624_14_1704851819386","3","1","some","0","1"
"50836","109664","14","2024-01-10 09:54","2024-01-10 09:57","126393","1704851819386","engWord_1148624_14_1704851819386","4","1","more","0","1"
"50836","109665","14","2024-01-10 09:54","2024-01-10 09:57","126393","1704851819386","engWord_1148624_14_1704851819386","5","1","people","0","2"
"50836","109666","14","2024-01-10 09:54","2024-01-10 09:57","126393","1704851819386","engWord_1148624_14_1704851819386","6","0","a few","1","1"
"50836","109667","14","2024-01-10 09:54","2024-01-10 09:57","126393","1704851819386","engWord_1148624_14_1704851819386","7","0","Mrs.","2","6"
"50836","109668","14","2024-01-10 09:54","2024-01-10 09:57","126393","1704851819386","engWord_1148624_14_1704851819386","8","1","many","0","3"
"50836","109669","14","2024-01-10 09:54","2024-01-10 09:57","126393","1704851819386","engWord_1148624_14_1704851819386","9","0","Ms.","3","1"
"50836","109670","14","2024-01-10 09:54","2024-01-10 09:57","126393","1704851819386","engWord_1148624_14_1704851819386","10","0","few","5","4"
"311086","109691","1","2024-01-10 09:54","2024-01-10 09:55","55132","1704851714519","engWord_1143210_1_1704851714519","1","0","you","1","0"
"311086","109692","1","2024-01-10 09:54","2024-01-10 09:55","55132","1704851714519","engWord_1143210_1_1704851714519","2","0","this","1","0"
"311086","109693","1","2024-01-10 09:54","2024-01-10 09:55","55132","1704851714519","engWord_1143210_1_1704851714519","3","0","they","1","0"
"311086","109694","1","2024-01-10 09:54","2024-01-10 09:55","55132","1704851714519","engWord_1143210_1_1704851714519","4","1","it","0","1"
"311086","109695","1","2024-01-10 09:54","2024-01-10 09:55","55132","1704851714519","engWord_1143210_1_1704851714519","5","1","am","0","1"
"311086","109696","1","2024-01-10 09:54","2024-01-10 09:55","55132","1704851714519","engWord_1143210_1_1704851714519","6","1","be","0","1"
"311086","109697","1","2024-01-10 09:54","2024-01-10 09:55","55132","1704851714519","engWord_1143210_1_1704851714519","7","0","a","1","0"
"311086","109698","1","2024-01-10 09:54","2024-01-10 09:55","55132","1704851714519","engWord_1143210_1_1704851714519","8","1","I","0","1"
"311086","109699","1","2024-01-10 09:54","2024-01-10 09:55","55132","1704851714519","engWord_1143210_1_1704851714519","9","0","those","1","0"
"311086","109700","1","2024-01-10 09:54","2024-01-10 09:55","55132","1704851714519","engWord_1143210_1_1704851714519","10","0","is","1","0"
"50836","109701","13","2024-01-10 09:54","2024-01-10 09:54","33607","1704851680593","engWord_1148624_13_1704851680593","1","1","bicycle","0","1"
"50836","109702","13","2024-01-10 09:54","2024-01-10 09:54","33607","1704851680593","engWord_1148624_13_1704851680593","2","1","yesterday","0","1"
"50836","109703","13","2024-01-10 09:54","2024-01-10 09:54","33607","1704851680593","engWord_1148624_13_1704851680593","3","1","o'clock","0","1"
"50836","109704","13","2024-01-10 09:54","2024-01-10 09:54","33607","1704851680593","engWord_1148624_13_1704851680593","4","1","tomorrow","0","1"
"50836","109705","13","2024-01-10 09:54","2024-01-10 09:54","33607","1704851680593","engWord_1148624_13_1704851680593","5","1","car","0","1"
"50836","109706","13","2024-01-10 09:54","2024-01-10 09:54","33607","1704851680593","engWord_1148624_13_1704851680593","6","1","truck","0","1"
"50836","109707","13","2024-01-10 09:54","2024-01-10 09:54","33607","1704851680593","engWord_1148624_13_1704851680593","7","1","weekend","0","1"
"50836","109708","13","2024-01-10 09:54","2024-01-10 09:54","33607","1704851680593","engWord_1148624_13_1704851680593","8","1","year","0","1"
"50836","109709","13","2024-01-10 09:54","2024-01-10 09:54","33607","1704851680593","engWord_1148624_13_1704851680593","9","1","tonight","0","1"
"50836","109710","13","2024-01-10 09:54","2024-01-10 09:54","33607","1704851680593","engWord_1148624_13_1704851680593","10","1","today","0","1"
"11312","109731","15","2024-01-10 09:52","2024-01-10 09:53","97555","1704851618463","engWord_1148628_15_1704851618463","1","0","worker","1","0"
"11312","109732","15","2024-01-10 09:52","2024-01-10 09:53","97555","1704851618463","engWord_1148628_15_1704851618463","2","0","lip","1","0"
"11312","109733","15","2024-01-10 09:52","2024-01-10 09:53","97555","1704851618463","engWord_1148628_15_1704851618463","3","0","Dr.","1","0"
"11312","109734","15","2024-01-10 09:52","2024-01-10 09:53","97555","1704851618463","engWord_1148628_15_1704851618463","4","1","tooth","0","1"
"11312","109735","15","2024-01-10 09:52","2024-01-10 09:53","97555","1704851618463","engWord_1148628_15_1704851618463","5","0","knee","1","0"
"11312","109736","15","2024-01-10 09:52","2024-01-10 09:53","97555","1704851618463","engWord_1148628_15_1704851618463","6","0","writer","1","0"
"11312","109737","15","2024-01-10 09:52","2024-01-10 09:53","97555","1704851618463","engWord_1148628_15_1704851618463","7","1","hair","0","1"
"11312","109738","15","2024-01-10 09:52","2024-01-10 09:53","97555","1704851618463","engWord_1148628_15_1704851618463","8","1","foot","0","1"
"11312","109739","15","2024-01-10 09:52","2024-01-10 09:53","97555","1704851618463","engWord_1148628_15_1704851618463","9","1","arm","0","1"
"11312","109740","15","2024-01-10 09:52","2024-01-10 09:53","97555","1704851618463","engWord_1148628_15_1704851618463","10","0","neck","1","0"
"128932","109741","1","2024-01-10 09:52","2024-01-10 09:53","43005","1704851607402","engWord_1087460_1_1704851607402","1","0","an","1","0"
"128932","109742","1","2024-01-10 09:52","2024-01-10 09:53","43005","1704851607402","engWord_1087460_1_1704851607402","2","1","no","0","1"
"128932","109743","1","2024-01-10 09:52","2024-01-10 09:53","43005","1704851607402","engWord_1087460_1_1704851607402","3","1","these","0","1"
"128932","109744","1","2024-01-10 09:52","2024-01-10 09:53","43005","1704851607402","engWord_1087460_1_1704851607402","4","1","the","0","1"
"128932","109745","1","2024-01-10 09:52","2024-01-10 09:53","43005","1704851607402","engWord_1087460_1_1704851607402","5","1","I","0","1"
"128932","109746","1","2024-01-10 09:52","2024-01-10 09:53","43005","1704851607402","engWord_1087460_1_1704851607402","6","1","we","0","1"
"128932","109747","1","2024-01-10 09:52","2024-01-10 09:53","43005","1704851607402","engWord_1087460_1_1704851607402","7","0","you","1","0"
"128932","109748","1","2024-01-10 09:52","2024-01-10 09:53","43005","1704851607402","engWord_1087460_1_1704851607402","8","0","yes","1","0"
"128932","109749","1","2024-01-10 09:52","2024-01-10 09:53","43005","1704851607402","engWord_1087460_1_1704851607402","9","0","is","1","0"
"128932","109750","1","2024-01-10 09:52","2024-01-10 09:53","43005","1704851607402","engWord_1087460_1_1704851607402","10","0","am","1","0"
